Workbook

Sheet Instrucciones
A1: KIT-01 · Detección de necesidades formativas por departamento
A2: Kit RRHH · Logístikos · Formación in company en logística, compras, transporte y comercio exterior
A4: PARA QUÉ SIRVE
A5: Convierte las incidencias reales de la operación en necesidades de formación priorizadas, y separa lo que es un problema de formación de lo que es un problema de organización.
A6: CÓMO USARLO
A7: 1. Envía la hoja "Cuestionario" a cada mando (almacén, tráfico, compras, comercio exterior, planificación, dirección).
A8: 2. Cada fila es una incidencia o problema recurrente. Puntúa frecuencia e impacto de 1 (bajo) a 5 (alto).
A9: 3. Indica la causa principal. Si la causa es "Organización", la prioridad formativa es 0: la formación no lo resolverá.
A10: 4. La hoja "Resumen" agrega por departamento. Las necesidades con prioridad Alta (16 o más) son candidatas al plan anual (KIT-02).
A11: La fila 5 es un ejemplo: sobrescríbela o bórrala.
A13: Leyenda
A14: Celda a rellenar
... A17: Plantilla orientativa. No sustituye el asesoramiento jurídico ni la normativa vigente de FUNDAE. ¿Dudas? formacion@logistikos.es · +34 696 34 80 47

Sheet Cuestionario
A1: Cuestionario de detección de necesidades
A2: Una fila por incidencia o problema recurrente
A4: Departamento | B4: Mando que responde | C4: Incidencia o problema operativo | D4: Frecuencia (1-5) | E4: Impacto en coste o servicio (1-5) | F4: Causa principal | G4: Competencia que falta | H4: Nº personas afectadas | I4: Formación que propondrías | J4: Prioridad (0-25) | K4: Nivel
A5: Almacén | B5: Jefe de turno noche | C5: Errores de preparación en pedidos multirreferencia durante campaña | D5: 4 | E5: 5 | F5: Formación | G5: Método de picking y verificación en SGA | H5: 14 | I5: Productividad en picking y cero errores | J5: =IF(OR(D5="",E5=""),"",IF(F5="Organización",0,D5*E5)) -> 20 | K5: =IF(J5="","",IF(J5>=16,"Alta",IF(J5>=9,"Media","Baja"))) -> Alta
J6: =IF(OR(D6="",E6=""),"",IF(F6="Organización",0,D6*E6)) | K6: =IF(J6="","",IF(J6>=16,"Alta",IF(J6>=9,"Media","Baja")))
J7: =IF(OR(D7="",E7=""),"",IF(F7="Organización",0,D7*E7)) | K7: =IF(J7="","",IF(J7>=16,"Alta",IF(J7>=9,"Media","Baja")))
J8: =IF(OR(D8="",E8=""),"",IF(F8="Organización",0,D8*E8)) | K8: =IF(J8="","",IF(J8>=16,"Alta",IF(J8>=9,"Media","Baja")))
J9: =IF(OR(D9="",E9=""),"",IF(F9="Organización",0,D9*E9)) | K9: =IF(J9="","",IF(J9>=16,"Alta",IF(J9>=9,"Media","Baja")))
J10: =IF(OR(D10="",E10=""),"",IF(F10="Organización",0,D10*E10)) | K10: =IF(J10="","",IF(J10>=16,"Alta",IF(J10>=9,"Media","Baja")))
J11: =IF(OR(D11="",E11=""),"",IF(F11="Organización",0,D11*E11)) | K11: =IF(J11="","",IF(J11>=16,"Alta",IF(J11>=9,"Media","Baja")))
J12: =IF(OR(D12="",E12=""),"",IF(F12="Organización",0,D12*E12)) | K12: =IF(J12="","",IF(J12>=16,"Alta",IF(J12>=9,"Media","Baja")))
J13: =IF(OR(D13="",E13=""),"",IF(F13="Organización",0,D13*E13)) | K13: =IF(J13="","",IF(J13>=16,"Alta",IF(J13>=9,"Media","Baja")))
J14: =IF(OR(D14="",E14=""),"",IF(F14="Organización",0,D14*E14)) | K14: =IF(J14="","",IF(J14>=16,"Alta",IF(J14>=9,"Media","Baja")))
J15: =IF(OR(D15="",E15=""),"",IF(F15="Organización",0,D15*E15)) | K15: =IF(J15="","",IF(J15>=16,"Alta",IF(J15>=9,"Media","Baja")))
J16: =IF(OR(D16="",E16=""),"",IF(F16="Organización",0,D16*E16)) | K16: =IF(J16="","",IF(J16>=16,"Alta",IF(J16>=9,"Media","Baja")))
J17: =IF(OR(D17="",E17=""),"",IF(F17="Organización",0,D17*E17)) | K17: =IF(J17="","",IF(J17>=16,"Alta",IF(J17>=9,"Media","Baja")))
... J44: =IF(OR(D44="",E44=""),"",IF(F44="Organización",0,D44*E44)) | K44: =IF(J44="","",IF(J44>=16,"Alta",IF(J44>=9,"Media","Baja")))

Sheet Resumen
A1: Resumen por departamento
A2: Se actualiza solo con el cuestionario
A4: Departamento | B4: Necesidades formativas | C4: Prioridad Alta | D4: Prioridad media (0-25) | E4: Personas afectadas
A5: Almacén | B5: =COUNTIFS(Cuestionario!$A$5:$A$44,A5,Cuestionario!$J$5:$J$44,">0") -> 1 | C5: =COUNTIFS(Cuestionario!$A$5:$A$44,A5,Cuestionario!$K$5:$K$44,"Alta") -> 1 | D5: =IFERROR(AVERAGEIFS(Cuestionario!$J$5:$J$44,Cuestionario!$A$5:$A$44,A5,Cuestionario!$J$5:$J$44,">0"),0) -> 20 | E5: =SUMIFS(Cuestionario!$H$5:$H$44,Cuestionario!$A$5:$A$44,A5,Cuestionario!$J$5:$J$44,">0") -> 14
A6: Tráfico y transporte | B6: =COUNTIFS(Cuestionario!$A$5:$A$44,A6,Cuestionario!$J$5:$J$44,">0") -> 0 | C6: =COUNTIFS(Cuestionario!$A$5:$A$44,A6,Cuestionario!$K$5:$K$44,"Alta") -> 0 | D6: =IFERROR(AVERAGEIFS(Cuestionario!$J$5:$J$44,Cuestionario!$A$5:$A$44,A6,Cuestionario!$J$5:$J$44,">0"),0) -> 0 | E6: =SUMIFS(Cuestionario!$H$5:$H$44,Cuestionario!$A$5:$A$44,A6,Cuestionario!$J$5:$J$44,">0") -> 0
A7: Compras | B7: =COUNTIFS(Cuestionario!$A$5:$A$44,A7,Cuestionario!$J$5:$J$44,">0") -> 0 | C7: =COUNTIFS(Cuestionario!$A$5:$A$44,A7,Cuestionario!$K$5:$K$44,"Alta") -> 0 | D7: =IFERROR(AVERAGEIFS(Cuestionario!$J$5:$J$44,Cuestionario!$A$5:$A$44,A7,Cuestionario!$J$5:$J$44,">0"),0) -> 0 | E7: =SUMIFS(Cuestionario!$H$5:$H$44,Cuestionario!$A$5:$A$44,A7,Cuestionario!$J$5:$J$44,">0") -> 0
A8: Comercio exterior | B8: =COUNTIFS(Cuestionario!$A$5:$A$44,A8,Cuestionario!$J$5:$J$44,">0") -> 0 | C8: =COUNTIFS(Cuestionario!$A$5:$A$44,A8,Cuestionario!$K$5:$K$44,"Alta") -> 0 | D8: =IFERROR(AVERAGEIFS(Cuestionario!$J$5:$J$44,Cuestionario!$A$5:$A$44,A8,Cuestionario!$J$5:$J$44,">0"),0) -> 0 | E8: =SUMIFS(Cuestionario!$H$5:$H$44,Cuestionario!$A$5:$A$44,A8,Cuestionario!$J$5:$J$44,">0") -> 0
A9: Planificación | B9: =COUNTIFS(Cuestionario!$A$5:$A$44,A9,Cuestionario!$J$5:$J$44,">0") -> 0 | C9: =COUNTIFS(Cuestionario!$A$5:$A$44,A9,Cuestionario!$K$5:$K$44,"Alta") -> 0 | D9: =IFERROR(AVERAGEIFS(Cuestionario!$J$5:$J$44,Cuestionario!$A$5:$A$44,A9,Cuestionario!$J$5:$J$44,">0"),0) -> 0 | E9: =SUMIFS(Cuestionario!$H$5:$H$44,Cuestionario!$A$5:$A$44,A9,Cuestionario!$J$5:$J$44,">0") -> 0
A10: Mandos y dirección | B10: =COUNTIFS(Cuestionario!$A$5:$A$44,A10,Cuestionario!$J$5:$J$44,">0") -> 0 | C10: =COUNTIFS(Cuestionario!$A$5:$A$44,A10,Cuestionario!$K$5:$K$44,"Alta") -> 0 | D10: =IFERROR(AVERAGEIFS(Cuestionario!$J$5:$J$44,Cuestionario!$A$5:$A$44,A10,Cuestionario!$J$5:$J$44,">0"),0) -> 0 | E10: =SUMIFS(Cuestionario!$H$5:$H$44,Cuestionario!$A$5:$A$44,A10,Cuestionario!$J$5:$J$44,">0") -> 0
A11: Total | B11: =SUM(B5:B10) -> 1 | C11: =SUM(C5:C10) -> 1 | E11: =SUM(E5:E10) -> 14
