Workbook

Sheet Instrucciones
A1: KIT-05 · Registro de alfabetización en IA por puesto (AI Act, art. 4)
A2: Kit RRHH · Logístikos · Formación in company en logística, compras, transporte y comercio exterior
A4: PARA QUÉ SIRVE
A5: El Reglamento europeo de IA exige a las empresas que utilizan sistemas de IA adoptar medidas para garantizar un nivel suficiente de alfabetización en IA de su personal, teniendo en cuenta sus conocimientos, experiencia y el contexto de uso.
A6: Este registro documenta qué herramientas se usan, quién las usa y qué formación ha recibido cada persona, como evidencia de cumplimiento.
A7: CÓMO USARLO
A8: 1. "Inventario herramientas": lista cada herramienta de IA en uso (ChatGPT, Copilot, funciones de IA del ERP o SGA, etc.) y su nivel de riesgo de uso.
A9: 2. "Registro personas": una fila por persona. Al indicar la fecha de formación, la hoja calcula la próxima revisión (12 meses) y el estado.
A10: 3. "Resumen" muestra el grado de cobertura de la plantilla.
A11: Las filas de ejemplo pueden sobrescribirse o borrarse. Documento orientativo: no constituye asesoramiento jurídico.
A13: Leyenda
A14: Celda a rellenar
... A17: Plantilla orientativa. No sustituye el asesoramiento jurídico ni la normativa vigente de FUNDAE. ¿Dudas? formacion@logistikos.es · +34 696 34 80 47

Sheet Inventario herramientas
A1: Inventario de herramientas de IA en uso
A4: Herramienta | B4: Proveedor | C4: Uso en la empresa | D4: Departamentos que la usan | E4: ¿Datos personales o confidenciales? | F4: Riesgo del uso | G4: Política de uso aprobada | H4: Responsable
A5: Asistente de IA generativa | B5: [Proveedor] | C5: Redactar respuestas a incidencias de clientes y resumir correos | D5: Tráfico, atención al cliente | E5: Sí | F5: Medio | G5: Sí | H5: Jefe/a de tráfico

Sheet Registro personas
A1: Registro de formación en IA por persona
A4: Persona | B4: Puesto | C4: Departamento | D4: Herramientas de IA que usa | E4: Nivel de uso | F4: Formación recibida | G4: Fecha de formación | H4: Horas | I4: Modalidad | J4: Evidencia | K4: Evaluación superada | L4: Próxima revisión | M4: Estado
A5: Ana M. | B5: Jefe/a de turno | C5: Almacén | D5: Asistente de IA generativa | E5: Básico | F5: Alfabetización en IA para operaciones (8 h) | G5: 46280 | H5: 8 | I5: Online Live | J5: Certificado + registro de asistencia | K5: Sí | L5: =IF(G5="","",EDATE(G5,12)) -> 46645 | M5: =IF(A5="","",IF(G5="","Pendiente",IF(TODAY()>L5,"Caducada","Al día"))) -> Al día
L6: =IF(G6="","",EDATE(G6,12)) | M6: =IF(A6="","",IF(G6="","Pendiente",IF(TODAY()>L6,"Caducada","Al día")))
L7: =IF(G7="","",EDATE(G7,12)) | M7: =IF(A7="","",IF(G7="","Pendiente",IF(TODAY()>L7,"Caducada","Al día")))
L8: =IF(G8="","",EDATE(G8,12)) | M8: =IF(A8="","",IF(G8="","Pendiente",IF(TODAY()>L8,"Caducada","Al día")))
L9: =IF(G9="","",EDATE(G9,12)) | M9: =IF(A9="","",IF(G9="","Pendiente",IF(TODAY()>L9,"Caducada","Al día")))
L10: =IF(G10="","",EDATE(G10,12)) | M10: =IF(A10="","",IF(G10="","Pendiente",IF(TODAY()>L10,"Caducada","Al día")))
L11: =IF(G11="","",EDATE(G11,12)) | M11: =IF(A11="","",IF(G11="","Pendiente",IF(TODAY()>L11,"Caducada","Al día")))
L12: =IF(G12="","",EDATE(G12,12)) | M12: =IF(A12="","",IF(G12="","Pendiente",IF(TODAY()>L12,"Caducada","Al día")))
L13: =IF(G13="","",EDATE(G13,12)) | M13: =IF(A13="","",IF(G13="","Pendiente",IF(TODAY()>L13,"Caducada","Al día")))
L14: =IF(G14="","",EDATE(G14,12)) | M14: =IF(A14="","",IF(G14="","Pendiente",IF(TODAY()>L14,"Caducada","Al día")))
L15: =IF(G15="","",EDATE(G15,12)) | M15: =IF(A15="","",IF(G15="","Pendiente",IF(TODAY()>L15,"Caducada","Al día")))
L16: =IF(G16="","",EDATE(G16,12)) | M16: =IF(A16="","",IF(G16="","Pendiente",IF(TODAY()>L16,"Caducada","Al día")))
L17: =IF(G17="","",EDATE(G17,12)) | M17: =IF(A17="","",IF(G17="","Pendiente",IF(TODAY()>L17,"Caducada","Al día")))
... L64: =IF(G64="","",EDATE(G64,12)) | M64: =IF(A64="","",IF(G64="","Pendiente",IF(TODAY()>L64,"Caducada","Al día")))

Sheet Resumen
A1: Cobertura de la alfabetización en IA
A4: Personas registradas | B4: =COUNTA('Registro personas'!A5:A64) -> 1
A5: Formación al día | B5: =COUNTIF('Registro personas'!M5:M64,"Al día") -> 1
A6: Pendientes de formar | B6: =COUNTIF('Registro personas'!M5:M64,"Pendiente") -> 0
A7: Formación caducada | B7: =COUNTIF('Registro personas'!M5:M64,"Caducada") -> 0
A8: Cobertura | B8: =IF(B4=0,0,B5/B4) -> 1
A9: Herramientas inventariadas | B9: =COUNTA('Inventario herramientas'!A5:A24) -> 1
A10: Herramientas sin política de uso aprobada | B10: =COUNTIF('Inventario herramientas'!G5:G24,"No")+COUNTIF('Inventario herramientas'!G5:G24,"En elaboración") -> 0
