Workbook

Sheet Instrucciones
A1: KIT-03 · Matriz de competencias de puestos logísticos
A2: Kit RRHH · Logístikos · Formación in company en logística, compras, transporte y comercio exterior
A4: PARA QUÉ SIRVE
A5: Define qué nivel de cada competencia necesita cada puesto y mide la brecha de cada persona del equipo.
A6: ESCALA
A7: 0 = no la necesita / no la tiene · 1 = conoce lo básico · 2 = la aplica con supervisión · 3 = la aplica con autonomía · 4 = la domina y enseña a otros.
A8: CÓMO USARLO
A9: 1. Revisa "Nivel requerido": los valores son una propuesta de Logístikos; ajústalos a vuestra realidad.
A10: 2. En "Evaluación equipo" añade a cada persona, su puesto y su nivel actual en cada competencia.
A11: 3. La hoja calcula la brecha por competencia, la brecha total y la competencia prioritaria de cada persona.
A12: Las filas 5 y 6 de "Evaluación equipo" son ejemplos: sobrescríbelas o bórralas.
A14: Leyenda
... A18: Plantilla orientativa. No sustituye el asesoramiento jurídico ni la normativa vigente de FUNDAE. ¿Dudas? formacion@logistikos.es · +34 696 34 80 47

Sheet Nivel requerido
A1: Nivel requerido por puesto (0-4)
A2: Propuesta editable
A4: Puesto | B4: Seguridad y PRL en almacén | C4: Uso del SGA / ERP | D4: Preparación y calidad de pedido | E4: Gestión de inventario | F4: Lean y 5S | G4: Planificación de rutas | H4: Normativa de transporte (CMR, LOTT, ATP, ADR) | I4: Incoterms y aduanas | J4: Negociación y TCO | K4: Análisis de datos y KPIs | L4: Uso de IA generativa | M4: Sostenibilidad y huella | N4: Liderazgo de equipos | O4: Comunicación y feedback
A5: Preparador/a de pedidos | B5: 3 | C5: 2 | D5: 3 | E5: 1 | F5: 2 | G5: 0 | H5: 0 | I5: 0 | J5: 0 | K5: 0 | L5: 1 | M5: 1 | N5: 0 | O5: 1
A6: Carretillero/a | B6: 4 | C6: 2 | D6: 2 | E6: 1 | F6: 2 | G6: 0 | H6: 1 | I6: 0 | J6: 0 | K6: 0 | L6: 1 | M6: 1 | N6: 0 | O6: 1
A7: Jefe/a de turno | B7: 4 | C7: 3 | D7: 3 | E7: 2 | F7: 3 | G7: 1 | H7: 1 | I7: 0 | J7: 0 | K7: 2 | L7: 2 | M7: 1 | N7: 3 | O7: 3
A8: Jefe/a de almacén | B8: 4 | C8: 4 | D8: 3 | E8: 4 | F8: 4 | G8: 1 | H8: 1 | I8: 1 | J8: 1 | K8: 3 | L8: 2 | M8: 2 | N8: 4 | O8: 3
A9: Planificador/a de tráfico | B9: 1 | C9: 3 | D9: 1 | E9: 1 | F9: 1 | G9: 4 | H9: 3 | I9: 1 | J9: 1 | K9: 3 | L9: 2 | M9: 2 | N9: 1 | O9: 2
A10: Jefe/a de tráfico | B10: 1 | C10: 3 | D10: 1 | E10: 1 | F10: 2 | G10: 4 | H10: 4 | I10: 2 | J10: 3 | K10: 3 | L10: 2 | M10: 3 | N10: 3 | O10: 3
A11: Comprador/a | B11: 0 | C11: 3 | D11: 0 | E11: 2 | F11: 1 | G11: 0 | H11: 0 | I11: 2 | J11: 4 | K11: 3 | L11: 2 | M11: 2 | N11: 1 | O11: 3
A12: Técnico/a de comercio exterior | B12: 0 | C12: 3 | D12: 0 | E12: 1 | F12: 0 | G12: 1 | H12: 2 | I12: 4 | J12: 2 | K12: 2 | L12: 2 | M12: 2 | N12: 1 | O12: 2
A13: Planificador/a de demanda | B13: 0 | C13: 4 | D13: 0 | E13: 3 | F13: 1 | G13: 1 | H13: 0 | I13: 1 | J13: 1 | K13: 4 | L13: 3 | M13: 1 | N13: 1 | O13: 2
A14: Director/a de operaciones | B14: 2 | C14: 3 | D14: 2 | E14: 3 | F14: 3 | G14: 2 | H14: 2 | I14: 2 | J14: 3 | K14: 4 | L14: 3 | M14: 3 | N14: 4 | O14: 4

Sheet Evaluación equipo
A1: Evaluación del equipo
A2: Nivel actual (0-4) por competencia; la brecha se calcula sola
A4: Persona | B4: Puesto | C4: Actual · Seguridad y PRL en almacén | D4: Actual · Uso del SGA / ERP | E4: Actual · Preparación y calidad de pedido | F4: Actual · Gestión de inventario | G4: Actual · Lean y 5S | H4: Actual · Planificación de rutas | I4: Actual · Normativa de transporte (CMR, LOTT, ATP, ADR) | J4: Actual · Incoterms y aduanas | K4: Actual · Negociación y TCO | L4: Actual · Análisis de datos y KPIs | M4: Actual · Uso de IA generativa | N4: Actual · Sostenibilidad y huella | O4: Actual · Liderazgo de equipos | P4: Actual · Comunicación y feedback | Q4: Brecha · Seguridad y PRL en almacén | R4: Brecha · Uso del SGA / ERP | S4: Brecha · Preparación y calidad de pedido | T4: Brecha · Gestión de inventario | U4: Brecha · Lean y 5S | V4: Brecha · Planificación de rutas | W4: Brecha · Normativa de transporte (CMR, LOTT, ATP, ADR) | X4: Brecha · Incoterms y aduanas | Y4: Brecha · Negociación y TCO | Z4: Brecha · Análisis de datos y KPIs | AA4: Brecha · Uso de IA generativa | AB4: Brecha · Sostenibilidad y huella | AC4: Brecha · Liderazgo de equipos | AD4: Brecha · Comunicación y feedback | AE4: Brecha total | AF4: Competencia prioritaria
A5: Ana M. | B5: Jefe/a de turno | C5: 4 | D5: 3 | E5: 2 | F5: 2 | G5: 2 | H5: 1 | I5: 1 | J5: 0 | K5: 0 | L5: 1 | M5: 0 | N5: 1 | O5: 2 | P5: 2 | Q5: =IF(OR($B5="",C5=""),"",MAX(0,INDEX('Nivel requerido'!B$5:B$14,MATCH($B5,'Nivel requerido'!$A$5:$A$14,0))-C5)) -> 0 | R5: =IF(OR($B5="",D5=""),"",MAX(0,INDEX('Nivel requerido'!C$5:C$14,MATCH($B5,'Nivel requerido'!$A$5:$A$14,0))-D5)) -> 0 | S5: =IF(OR($B5="",E5=""),"",MAX(0,INDEX('Nivel requerido'!D$5:D$14,MATCH($B5,'Nivel requerido'!$A$5:$A$14,0))-E5)) -> 1 | T5: =IF(OR($B5="",F5=""),"",MAX(0,INDEX('Nivel requerido'!E$5:E$14,MATCH($B5,'Nivel requerido'!$A$5:$A$14,0))-F5)) -> 0 | U5: =IF(OR($B5="",G5=""),"",MAX(0,INDEX('Nivel requerido'!F$5:F$14,MATCH($B5,'Nivel requerido'!$A$5:$A$14,0))-G5)) -> 1 | V5: =IF(OR($B5="",H5=""),"",MAX(0,INDEX('Nivel requerido'!G$5:G$14,MATCH($B5,'Nivel requerido'!$A$5:$A$14,0))-H5)) -> 0 | W5: =IF(OR($B5="",I5=""),"",MAX(0,INDEX('Nivel requerido'!H$5:H$14,MATCH($B5,'Nivel requerido'!$A$5:$A$14,0))-I5)) -> 0 | X5: =IF(OR($B5="",J5=""),"",MAX(0,INDEX('Nivel requerido'!I$5:I$14,MATCH($B5,'Nivel requerido'!$A$5:$A$14,0))-J5)) -> 0 | ... AD5: =IF(OR($B5="",P5=""),"",MAX(0,INDEX('Nivel requerido'!O$5:O$14,MATCH($B5,'Nivel requerido'!$A$5:$A$14,0))-P5)) -> 1 | AE5: =IF($B5="","",SUM(Q5:AD5)) -> 7 | AF5: =IF(OR($B5="",AE5=0),"",INDEX('Nivel requerido'!$B$4:$O$4,MATCH(MAX(Q5:AD5),Q5:AD5,0))) -> Uso de IA generativa
A6: Luis P. | B6: Planificador/a de tráfico | C6: 1 | D6: 2 | E6: 1 | F6: 1 | G6: 1 | H6: 3 | I6: 2 | J6: 1 | K6: 1 | L6: 1 | M6: 1 | N6: 0 | O6: 1 | P6: 2 | Q6: =IF(OR($B6="",C6=""),"",MAX(0,INDEX('Nivel requerido'!B$5:B$14,MATCH($B6,'Nivel requerido'!$A$5:$A$14,0))-C6)) -> 0 | R6: =IF(OR($B6="",D6=""),"",MAX(0,INDEX('Nivel requerido'!C$5:C$14,MATCH($B6,'Nivel requerido'!$A$5:$A$14,0))-D6)) -> 1 | S6: =IF(OR($B6="",E6=""),"",MAX(0,INDEX('Nivel requerido'!D$5:D$14,MATCH($B6,'Nivel requerido'!$A$5:$A$14,0))-E6)) -> 0 | T6: =IF(OR($B6="",F6=""),"",MAX(0,INDEX('Nivel requerido'!E$5:E$14,MATCH($B6,'Nivel requerido'!$A$5:$A$14,0))-F6)) -> 0 | U6: =IF(OR($B6="",G6=""),"",MAX(0,INDEX('Nivel requerido'!F$5:F$14,MATCH($B6,'Nivel requerido'!$A$5:$A$14,0))-G6)) -> 0 | V6: =IF(OR($B6="",H6=""),"",MAX(0,INDEX('Nivel requerido'!G$5:G$14,MATCH($B6,'Nivel requerido'!$A$5:$A$14,0))-H6)) -> 1 | W6: =IF(OR($B6="",I6=""),"",MAX(0,INDEX('Nivel requerido'!H$5:H$14,MATCH($B6,'Nivel requerido'!$A$5:$A$14,0))-I6)) -> 1 | X6: =IF(OR($B6="",J6=""),"",MAX(0,INDEX('Nivel requerido'!I$5:I$14,MATCH($B6,'Nivel requerido'!$A$5:$A$14,0))-J6)) -> 0 | ... AD6: =IF(OR($B6="",P6=""),"",MAX(0,INDEX('Nivel requerido'!O$5:O$14,MATCH($B6,'Nivel requerido'!$A$5:$A$14,0))-P6)) -> 0 | AE6: =IF($B6="","",SUM(Q6:AD6)) -> 8 | AF6: =IF(OR($B6="",AE6=0),"",INDEX('Nivel requerido'!$B$4:$O$4,MATCH(MAX(Q6:AD6),Q6:AD6,0))) -> Análisis de datos y KPIs
Q7: =IF(OR($B7="",C7=""),"",MAX(0,INDEX('Nivel requerido'!B$5:B$14,MATCH($B7,'Nivel requerido'!$A$5:$A$14,0))-C7)) | R7: =IF(OR($B7="",D7=""),"",MAX(0,INDEX('Nivel requerido'!C$5:C$14,MATCH($B7,'Nivel requerido'!$A$5:$A$14,0))-D7)) | S7: =IF(OR($B7="",E7=""),"",MAX(0,INDEX('Nivel requerido'!D$5:D$14,MATCH($B7,'Nivel requerido'!$A$5:$A$14,0))-E7)) | T7: =IF(OR($B7="",F7=""),"",MAX(0,INDEX('Nivel requerido'!E$5:E$14,MATCH($B7,'Nivel requerido'!$A$5:$A$14,0))-F7)) | U7: =IF(OR($B7="",G7=""),"",MAX(0,INDEX('Nivel requerido'!F$5:F$14,MATCH($B7,'Nivel requerido'!$A$5:$A$14,0))-G7)) | V7: =IF(OR($B7="",H7=""),"",MAX(0,INDEX('Nivel requerido'!G$5:G$14,MATCH($B7,'Nivel requerido'!$A$5:$A$14,0))-H7)) | W7: =IF(OR($B7="",I7=""),"",MAX(0,INDEX('Nivel requerido'!H$5:H$14,MATCH($B7,'Nivel requerido'!$A$5:$A$14,0))-I7)) | X7: =IF(OR($B7="",J7=""),"",MAX(0,INDEX('Nivel requerido'!I$5:I$14,MATCH($B7,'Nivel requerido'!$A$5:$A$14,0))-J7)) | ... AD7: =IF(OR($B7="",P7=""),"",MAX(0,INDEX('Nivel requerido'!O$5:O$14,MATCH($B7,'Nivel requerido'!$A$5:$A$14,0))-P7)) | AE7: =IF($B7="","",SUM(Q7:AD7)) | AF7: =IF(OR($B7="",AE7=0),"",INDEX('Nivel requerido'!$B$4:$O$4,MATCH(MAX(Q7:AD7),Q7:AD7,0)))
Q8: =IF(OR($B8="",C8=""),"",MAX(0,INDEX('Nivel requerido'!B$5:B$14,MATCH($B8,'Nivel requerido'!$A$5:$A$14,0))-C8)) | R8: =IF(OR($B8="",D8=""),"",MAX(0,INDEX('Nivel requerido'!C$5:C$14,MATCH($B8,'Nivel requerido'!$A$5:$A$14,0))-D8)) | S8: =IF(OR($B8="",E8=""),"",MAX(0,INDEX('Nivel requerido'!D$5:D$14,MATCH($B8,'Nivel requerido'!$A$5:$A$14,0))-E8)) | T8: =IF(OR($B8="",F8=""),"",MAX(0,INDEX('Nivel requerido'!E$5:E$14,MATCH($B8,'Nivel requerido'!$A$5:$A$14,0))-F8)) | U8: =IF(OR($B8="",G8=""),"",MAX(0,INDEX('Nivel requerido'!F$5:F$14,MATCH($B8,'Nivel requerido'!$A$5:$A$14,0))-G8)) | V8: =IF(OR($B8="",H8=""),"",MAX(0,INDEX('Nivel requerido'!G$5:G$14,MATCH($B8,'Nivel requerido'!$A$5:$A$14,0))-H8)) | W8: =IF(OR($B8="",I8=""),"",MAX(0,INDEX('Nivel requerido'!H$5:H$14,MATCH($B8,'Nivel requerido'!$A$5:$A$14,0))-I8)) | X8: =IF(OR($B8="",J8=""),"",MAX(0,INDEX('Nivel requerido'!I$5:I$14,MATCH($B8,'Nivel requerido'!$A$5:$A$14,0))-J8)) | ... AD8: =IF(OR($B8="",P8=""),"",MAX(0,INDEX('Nivel requerido'!O$5:O$14,MATCH($B8,'Nivel requerido'!$A$5:$A$14,0))-P8)) | AE8: =IF($B8="","",SUM(Q8:AD8)) | AF8: =IF(OR($B8="",AE8=0),"",INDEX('Nivel requerido'!$B$4:$O$4,MATCH(MAX(Q8:AD8),Q8:AD8,0)))
Q9: =IF(OR($B9="",C9=""),"",MAX(0,INDEX('Nivel requerido'!B$5:B$14,MATCH($B9,'Nivel requerido'!$A$5:$A$14,0))-C9)) | R9: =IF(OR($B9="",D9=""),"",MAX(0,INDEX('Nivel requerido'!C$5:C$14,MATCH($B9,'Nivel requerido'!$A$5:$A$14,0))-D9)) | S9: =IF(OR($B9="",E9=""),"",MAX(0,INDEX('Nivel requerido'!D$5:D$14,MATCH($B9,'Nivel requerido'!$A$5:$A$14,0))-E9)) | T9: =IF(OR($B9="",F9=""),"",MAX(0,INDEX('Nivel requerido'!E$5:E$14,MATCH($B9,'Nivel requerido'!$A$5:$A$14,0))-F9)) | U9: =IF(OR($B9="",G9=""),"",MAX(0,INDEX('Nivel requerido'!F$5:F$14,MATCH($B9,'Nivel requerido'!$A$5:$A$14,0))-G9)) | V9: =IF(OR($B9="",H9=""),"",MAX(0,INDEX('Nivel requerido'!G$5:G$14,MATCH($B9,'Nivel requerido'!$A$5:$A$14,0))-H9)) | W9: =IF(OR($B9="",I9=""),"",MAX(0,INDEX('Nivel requerido'!H$5:H$14,MATCH($B9,'Nivel requerido'!$A$5:$A$14,0))-I9)) | X9: =IF(OR($B9="",J9=""),"",MAX(0,INDEX('Nivel requerido'!I$5:I$14,MATCH($B9,'Nivel requerido'!$A$5:$A$14,0))-J9)) | ... AD9: =IF(OR($B9="",P9=""),"",MAX(0,INDEX('Nivel requerido'!O$5:O$14,MATCH($B9,'Nivel requerido'!$A$5:$A$14,0))-P9)) | AE9: =IF($B9="","",SUM(Q9:AD9)) | AF9: =IF(OR($B9="",AE9=0),"",INDEX('Nivel requerido'!$B$4:$O$4,MATCH(MAX(Q9:AD9),Q9:AD9,0)))
Q10: =IF(OR($B10="",C10=""),"",MAX(0,INDEX('Nivel requerido'!B$5:B$14,MATCH($B10,'Nivel requerido'!$A$5:$A$14,0))-C10)) | R10: =IF(OR($B10="",D10=""),"",MAX(0,INDEX('Nivel requerido'!C$5:C$14,MATCH($B10,'Nivel requerido'!$A$5:$A$14,0))-D10)) | S10: =IF(OR($B10="",E10=""),"",MAX(0,INDEX('Nivel requerido'!D$5:D$14,MATCH($B10,'Nivel requerido'!$A$5:$A$14,0))-E10)) | T10: =IF(OR($B10="",F10=""),"",MAX(0,INDEX('Nivel requerido'!E$5:E$14,MATCH($B10,'Nivel requerido'!$A$5:$A$14,0))-F10)) | U10: =IF(OR($B10="",G10=""),"",MAX(0,INDEX('Nivel requerido'!F$5:F$14,MATCH($B10,'Nivel requerido'!$A$5:$A$14,0))-G10)) | V10: =IF(OR($B10="",H10=""),"",MAX(0,INDEX('Nivel requerido'!G$5:G$14,MATCH($B10,'Nivel requerido'!$A$5:$A$14,0))-H10)) | W10: =IF(OR($B10="",I10=""),"",MAX(0,INDEX('Nivel requerido'!H$5:H$14,MATCH($B10,'Nivel requerido'!$A$5:$A$14,0))-I10)) | X10: =IF(OR($B10="",J10=""),"",MAX(0,INDEX('Nivel requerido'!I$5:I$14,MATCH($B10,'Nivel requerido'!$A$5:$A$14,0))-J10)) | ... AD10: =IF(OR($B10="",P10=""),"",MAX(0,INDEX('Nivel requerido'!O$5:O$14,MATCH($B10,'Nivel requerido'!$A$5:$A$14,0))-P10)) | AE10: =IF($B10="","",SUM(Q10:AD10)) | AF10: =IF(OR($B10="",AE10=0),"",INDEX('Nivel requerido'!$B$4:$O$4,MATCH(MAX(Q10:AD10),Q10:AD10,0)))
Q11: =IF(OR($B11="",C11=""),"",MAX(0,INDEX('Nivel requerido'!B$5:B$14,MATCH($B11,'Nivel requerido'!$A$5:$A$14,0))-C11)) | R11: =IF(OR($B11="",D11=""),"",MAX(0,INDEX('Nivel requerido'!C$5:C$14,MATCH($B11,'Nivel requerido'!$A$5:$A$14,0))-D11)) | S11: =IF(OR($B11="",E11=""),"",MAX(0,INDEX('Nivel requerido'!D$5:D$14,MATCH($B11,'Nivel requerido'!$A$5:$A$14,0))-E11)) | T11: =IF(OR($B11="",F11=""),"",MAX(0,INDEX('Nivel requerido'!E$5:E$14,MATCH($B11,'Nivel requerido'!$A$5:$A$14,0))-F11)) | U11: =IF(OR($B11="",G11=""),"",MAX(0,INDEX('Nivel requerido'!F$5:F$14,MATCH($B11,'Nivel requerido'!$A$5:$A$14,0))-G11)) | V11: =IF(OR($B11="",H11=""),"",MAX(0,INDEX('Nivel requerido'!G$5:G$14,MATCH($B11,'Nivel requerido'!$A$5:$A$14,0))-H11)) | W11: =IF(OR($B11="",I11=""),"",MAX(0,INDEX('Nivel requerido'!H$5:H$14,MATCH($B11,'Nivel requerido'!$A$5:$A$14,0))-I11)) | X11: =IF(OR($B11="",J11=""),"",MAX(0,INDEX('Nivel requerido'!I$5:I$14,MATCH($B11,'Nivel requerido'!$A$5:$A$14,0))-J11)) | ... AD11: =IF(OR($B11="",P11=""),"",MAX(0,INDEX('Nivel requerido'!O$5:O$14,MATCH($B11,'Nivel requerido'!$A$5:$A$14,0))-P11)) | AE11: =IF($B11="","",SUM(Q11:AD11)) | AF11: =IF(OR($B11="",AE11=0),"",INDEX('Nivel requerido'!$B$4:$O$4,MATCH(MAX(Q11:AD11),Q11:AD11,0)))
Q12: =IF(OR($B12="",C12=""),"",MAX(0,INDEX('Nivel requerido'!B$5:B$14,MATCH($B12,'Nivel requerido'!$A$5:$A$14,0))-C12)) | R12: =IF(OR($B12="",D12=""),"",MAX(0,INDEX('Nivel requerido'!C$5:C$14,MATCH($B12,'Nivel requerido'!$A$5:$A$14,0))-D12)) | S12: =IF(OR($B12="",E12=""),"",MAX(0,INDEX('Nivel requerido'!D$5:D$14,MATCH($B12,'Nivel requerido'!$A$5:$A$14,0))-E12)) | T12: =IF(OR($B12="",F12=""),"",MAX(0,INDEX('Nivel requerido'!E$5:E$14,MATCH($B12,'Nivel requerido'!$A$5:$A$14,0))-F12)) | U12: =IF(OR($B12="",G12=""),"",MAX(0,INDEX('Nivel requerido'!F$5:F$14,MATCH($B12,'Nivel requerido'!$A$5:$A$14,0))-G12)) | V12: =IF(OR($B12="",H12=""),"",MAX(0,INDEX('Nivel requerido'!G$5:G$14,MATCH($B12,'Nivel requerido'!$A$5:$A$14,0))-H12)) | W12: =IF(OR($B12="",I12=""),"",MAX(0,INDEX('Nivel requerido'!H$5:H$14,MATCH($B12,'Nivel requerido'!$A$5:$A$14,0))-I12)) | X12: =IF(OR($B12="",J12=""),"",MAX(0,INDEX('Nivel requerido'!I$5:I$14,MATCH($B12,'Nivel requerido'!$A$5:$A$14,0))-J12)) | ... AD12: =IF(OR($B12="",P12=""),"",MAX(0,INDEX('Nivel requerido'!O$5:O$14,MATCH($B12,'Nivel requerido'!$A$5:$A$14,0))-P12)) | AE12: =IF($B12="","",SUM(Q12:AD12)) | AF12: =IF(OR($B12="",AE12=0),"",INDEX('Nivel requerido'!$B$4:$O$4,MATCH(MAX(Q12:AD12),Q12:AD12,0)))
Q13: =IF(OR($B13="",C13=""),"",MAX(0,INDEX('Nivel requerido'!B$5:B$14,MATCH($B13,'Nivel requerido'!$A$5:$A$14,0))-C13)) | R13: =IF(OR($B13="",D13=""),"",MAX(0,INDEX('Nivel requerido'!C$5:C$14,MATCH($B13,'Nivel requerido'!$A$5:$A$14,0))-D13)) | S13: =IF(OR($B13="",E13=""),"",MAX(0,INDEX('Nivel requerido'!D$5:D$14,MATCH($B13,'Nivel requerido'!$A$5:$A$14,0))-E13)) | T13: =IF(OR($B13="",F13=""),"",MAX(0,INDEX('Nivel requerido'!E$5:E$14,MATCH($B13,'Nivel requerido'!$A$5:$A$14,0))-F13)) | U13: =IF(OR($B13="",G13=""),"",MAX(0,INDEX('Nivel requerido'!F$5:F$14,MATCH($B13,'Nivel requerido'!$A$5:$A$14,0))-G13)) | V13: =IF(OR($B13="",H13=""),"",MAX(0,INDEX('Nivel requerido'!G$5:G$14,MATCH($B13,'Nivel requerido'!$A$5:$A$14,0))-H13)) | W13: =IF(OR($B13="",I13=""),"",MAX(0,INDEX('Nivel requerido'!H$5:H$14,MATCH($B13,'Nivel requerido'!$A$5:$A$14,0))-I13)) | X13: =IF(OR($B13="",J13=""),"",MAX(0,INDEX('Nivel requerido'!I$5:I$14,MATCH($B13,'Nivel requerido'!$A$5:$A$14,0))-J13)) | ... AD13: =IF(OR($B13="",P13=""),"",MAX(0,INDEX('Nivel requerido'!O$5:O$14,MATCH($B13,'Nivel requerido'!$A$5:$A$14,0))-P13)) | AE13: =IF($B13="","",SUM(Q13:AD13)) | AF13: =IF(OR($B13="",AE13=0),"",INDEX('Nivel requerido'!$B$4:$O$4,MATCH(MAX(Q13:AD13),Q13:AD13,0)))
Q14: =IF(OR($B14="",C14=""),"",MAX(0,INDEX('Nivel requerido'!B$5:B$14,MATCH($B14,'Nivel requerido'!$A$5:$A$14,0))-C14)) | R14: =IF(OR($B14="",D14=""),"",MAX(0,INDEX('Nivel requerido'!C$5:C$14,MATCH($B14,'Nivel requerido'!$A$5:$A$14,0))-D14)) | S14: =IF(OR($B14="",E14=""),"",MAX(0,INDEX('Nivel requerido'!D$5:D$14,MATCH($B14,'Nivel requerido'!$A$5:$A$14,0))-E14)) | T14: =IF(OR($B14="",F14=""),"",MAX(0,INDEX('Nivel requerido'!E$5:E$14,MATCH($B14,'Nivel requerido'!$A$5:$A$14,0))-F14)) | U14: =IF(OR($B14="",G14=""),"",MAX(0,INDEX('Nivel requerido'!F$5:F$14,MATCH($B14,'Nivel requerido'!$A$5:$A$14,0))-G14)) | V14: =IF(OR($B14="",H14=""),"",MAX(0,INDEX('Nivel requerido'!G$5:G$14,MATCH($B14,'Nivel requerido'!$A$5:$A$14,0))-H14)) | W14: =IF(OR($B14="",I14=""),"",MAX(0,INDEX('Nivel requerido'!H$5:H$14,MATCH($B14,'Nivel requerido'!$A$5:$A$14,0))-I14)) | X14: =IF(OR($B14="",J14=""),"",MAX(0,INDEX('Nivel requerido'!I$5:I$14,MATCH($B14,'Nivel requerido'!$A$5:$A$14,0))-J14)) | ... AD14: =IF(OR($B14="",P14=""),"",MAX(0,INDEX('Nivel requerido'!O$5:O$14,MATCH($B14,'Nivel requerido'!$A$5:$A$14,0))-P14)) | AE14: =IF($B14="","",SUM(Q14:AD14)) | AF14: =IF(OR($B14="",AE14=0),"",INDEX('Nivel requerido'!$B$4:$O$4,MATCH(MAX(Q14:AD14),Q14:AD14,0)))
Q15: =IF(OR($B15="",C15=""),"",MAX(0,INDEX('Nivel requerido'!B$5:B$14,MATCH($B15,'Nivel requerido'!$A$5:$A$14,0))-C15)) | R15: =IF(OR($B15="",D15=""),"",MAX(0,INDEX('Nivel requerido'!C$5:C$14,MATCH($B15,'Nivel requerido'!$A$5:$A$14,0))-D15)) | S15: =IF(OR($B15="",E15=""),"",MAX(0,INDEX('Nivel requerido'!D$5:D$14,MATCH($B15,'Nivel requerido'!$A$5:$A$14,0))-E15)) | T15: =IF(OR($B15="",F15=""),"",MAX(0,INDEX('Nivel requerido'!E$5:E$14,MATCH($B15,'Nivel requerido'!$A$5:$A$14,0))-F15)) | U15: =IF(OR($B15="",G15=""),"",MAX(0,INDEX('Nivel requerido'!F$5:F$14,MATCH($B15,'Nivel requerido'!$A$5:$A$14,0))-G15)) | V15: =IF(OR($B15="",H15=""),"",MAX(0,INDEX('Nivel requerido'!G$5:G$14,MATCH($B15,'Nivel requerido'!$A$5:$A$14,0))-H15)) | W15: =IF(OR($B15="",I15=""),"",MAX(0,INDEX('Nivel requerido'!H$5:H$14,MATCH($B15,'Nivel requerido'!$A$5:$A$14,0))-I15)) | X15: =IF(OR($B15="",J15=""),"",MAX(0,INDEX('Nivel requerido'!I$5:I$14,MATCH($B15,'Nivel requerido'!$A$5:$A$14,0))-J15)) | ... AD15: =IF(OR($B15="",P15=""),"",MAX(0,INDEX('Nivel requerido'!O$5:O$14,MATCH($B15,'Nivel requerido'!$A$5:$A$14,0))-P15)) | AE15: =IF($B15="","",SUM(Q15:AD15)) | AF15: =IF(OR($B15="",AE15=0),"",INDEX('Nivel requerido'!$B$4:$O$4,MATCH(MAX(Q15:AD15),Q15:AD15,0)))
Q16: =IF(OR($B16="",C16=""),"",MAX(0,INDEX('Nivel requerido'!B$5:B$14,MATCH($B16,'Nivel requerido'!$A$5:$A$14,0))-C16)) | R16: =IF(OR($B16="",D16=""),"",MAX(0,INDEX('Nivel requerido'!C$5:C$14,MATCH($B16,'Nivel requerido'!$A$5:$A$14,0))-D16)) | S16: =IF(OR($B16="",E16=""),"",MAX(0,INDEX('Nivel requerido'!D$5:D$14,MATCH($B16,'Nivel requerido'!$A$5:$A$14,0))-E16)) | T16: =IF(OR($B16="",F16=""),"",MAX(0,INDEX('Nivel requerido'!E$5:E$14,MATCH($B16,'Nivel requerido'!$A$5:$A$14,0))-F16)) | U16: =IF(OR($B16="",G16=""),"",MAX(0,INDEX('Nivel requerido'!F$5:F$14,MATCH($B16,'Nivel requerido'!$A$5:$A$14,0))-G16)) | V16: =IF(OR($B16="",H16=""),"",MAX(0,INDEX('Nivel requerido'!G$5:G$14,MATCH($B16,'Nivel requerido'!$A$5:$A$14,0))-H16)) | W16: =IF(OR($B16="",I16=""),"",MAX(0,INDEX('Nivel requerido'!H$5:H$14,MATCH($B16,'Nivel requerido'!$A$5:$A$14,0))-I16)) | X16: =IF(OR($B16="",J16=""),"",MAX(0,INDEX('Nivel requerido'!I$5:I$14,MATCH($B16,'Nivel requerido'!$A$5:$A$14,0))-J16)) | ... AD16: =IF(OR($B16="",P16=""),"",MAX(0,INDEX('Nivel requerido'!O$5:O$14,MATCH($B16,'Nivel requerido'!$A$5:$A$14,0))-P16)) | AE16: =IF($B16="","",SUM(Q16:AD16)) | AF16: =IF(OR($B16="",AE16=0),"",INDEX('Nivel requerido'!$B$4:$O$4,MATCH(MAX(Q16:AD16),Q16:AD16,0)))
Q17: =IF(OR($B17="",C17=""),"",MAX(0,INDEX('Nivel requerido'!B$5:B$14,MATCH($B17,'Nivel requerido'!$A$5:$A$14,0))-C17)) | R17: =IF(OR($B17="",D17=""),"",MAX(0,INDEX('Nivel requerido'!C$5:C$14,MATCH($B17,'Nivel requerido'!$A$5:$A$14,0))-D17)) | S17: =IF(OR($B17="",E17=""),"",MAX(0,INDEX('Nivel requerido'!D$5:D$14,MATCH($B17,'Nivel requerido'!$A$5:$A$14,0))-E17)) | T17: =IF(OR($B17="",F17=""),"",MAX(0,INDEX('Nivel requerido'!E$5:E$14,MATCH($B17,'Nivel requerido'!$A$5:$A$14,0))-F17)) | U17: =IF(OR($B17="",G17=""),"",MAX(0,INDEX('Nivel requerido'!F$5:F$14,MATCH($B17,'Nivel requerido'!$A$5:$A$14,0))-G17)) | V17: =IF(OR($B17="",H17=""),"",MAX(0,INDEX('Nivel requerido'!G$5:G$14,MATCH($B17,'Nivel requerido'!$A$5:$A$14,0))-H17)) | W17: =IF(OR($B17="",I17=""),"",MAX(0,INDEX('Nivel requerido'!H$5:H$14,MATCH($B17,'Nivel requerido'!$A$5:$A$14,0))-I17)) | X17: =IF(OR($B17="",J17=""),"",MAX(0,INDEX('Nivel requerido'!I$5:I$14,MATCH($B17,'Nivel requerido'!$A$5:$A$14,0))-J17)) | ... AD17: =IF(OR($B17="",P17=""),"",MAX(0,INDEX('Nivel requerido'!O$5:O$14,MATCH($B17,'Nivel requerido'!$A$5:$A$14,0))-P17)) | AE17: =IF($B17="","",SUM(Q17:AD17)) | AF17: =IF(OR($B17="",AE17=0),"",INDEX('Nivel requerido'!$B$4:$O$4,MATCH(MAX(Q17:AD17),Q17:AD17,0)))
Q18: =IF(OR($B18="",C18=""),"",MAX(0,INDEX('Nivel requerido'!B$5:B$14,MATCH($B18,'Nivel requerido'!$A$5:$A$14,0))-C18)) | R18: =IF(OR($B18="",D18=""),"",MAX(0,INDEX('Nivel requerido'!C$5:C$14,MATCH($B18,'Nivel requerido'!$A$5:$A$14,0))-D18)) | S18: =IF(OR($B18="",E18=""),"",MAX(0,INDEX('Nivel requerido'!D$5:D$14,MATCH($B18,'Nivel requerido'!$A$5:$A$14,0))-E18)) | T18: =IF(OR($B18="",F18=""),"",MAX(0,INDEX('Nivel requerido'!E$5:E$14,MATCH($B18,'Nivel requerido'!$A$5:$A$14,0))-F18)) | U18: =IF(OR($B18="",G18=""),"",MAX(0,INDEX('Nivel requerido'!F$5:F$14,MATCH($B18,'Nivel requerido'!$A$5:$A$14,0))-G18)) | V18: =IF(OR($B18="",H18=""),"",MAX(0,INDEX('Nivel requerido'!G$5:G$14,MATCH($B18,'Nivel requerido'!$A$5:$A$14,0))-H18)) | W18: =IF(OR($B18="",I18=""),"",MAX(0,INDEX('Nivel requerido'!H$5:H$14,MATCH($B18,'Nivel requerido'!$A$5:$A$14,0))-I18)) | X18: =IF(OR($B18="",J18=""),"",MAX(0,INDEX('Nivel requerido'!I$5:I$14,MATCH($B18,'Nivel requerido'!$A$5:$A$14,0))-J18)) | ... AD18: =IF(OR($B18="",P18=""),"",MAX(0,INDEX('Nivel requerido'!O$5:O$14,MATCH($B18,'Nivel requerido'!$A$5:$A$14,0))-P18)) | AE18: =IF($B18="","",SUM(Q18:AD18)) | AF18: =IF(OR($B18="",AE18=0),"",INDEX('Nivel requerido'!$B$4:$O$4,MATCH(MAX(Q18:AD18),Q18:AD18,0)))
... Q34: =IF(OR($B34="",C34=""),"",MAX(0,INDEX('Nivel requerido'!B$5:B$14,MATCH($B34,'Nivel requerido'!$A$5:$A$14,0))-C34)) | R34: =IF(OR($B34="",D34=""),"",MAX(0,INDEX('Nivel requerido'!C$5:C$14,MATCH($B34,'Nivel requerido'!$A$5:$A$14,0))-D34)) | S34: =IF(OR($B34="",E34=""),"",MAX(0,INDEX('Nivel requerido'!D$5:D$14,MATCH($B34,'Nivel requerido'!$A$5:$A$14,0))-E34)) | T34: =IF(OR($B34="",F34=""),"",MAX(0,INDEX('Nivel requerido'!E$5:E$14,MATCH($B34,'Nivel requerido'!$A$5:$A$14,0))-F34)) | U34: =IF(OR($B34="",G34=""),"",MAX(0,INDEX('Nivel requerido'!F$5:F$14,MATCH($B34,'Nivel requerido'!$A$5:$A$14,0))-G34)) | V34: =IF(OR($B34="",H34=""),"",MAX(0,INDEX('Nivel requerido'!G$5:G$14,MATCH($B34,'Nivel requerido'!$A$5:$A$14,0))-H34)) | W34: =IF(OR($B34="",I34=""),"",MAX(0,INDEX('Nivel requerido'!H$5:H$14,MATCH($B34,'Nivel requerido'!$A$5:$A$14,0))-I34)) | X34: =IF(OR($B34="",J34=""),"",MAX(0,INDEX('Nivel requerido'!I$5:I$14,MATCH($B34,'Nivel requerido'!$A$5:$A$14,0))-J34)) | ... AD34: =IF(OR($B34="",P34=""),"",MAX(0,INDEX('Nivel requerido'!O$5:O$14,MATCH($B34,'Nivel requerido'!$A$5:$A$14,0))-P34)) | AE34: =IF($B34="","",SUM(Q34:AD34)) | AF34: =IF(OR($B34="",AE34=0),"",INDEX('Nivel requerido'!$B$4:$O$4,MATCH(MAX(Q34:AD34),Q34:AD34,0)))
