Workbook

Sheet Instrucciones
A1: KIT-02 · Plan anual de formación listo para dirección
A2: Kit RRHH · Logístikos · Formación in company en logística, compras, transporte y comercio exterior
A4: PARA QUÉ SIRVE
A5: Planifica todas las acciones del año, calcula cuánto bonifica cada una con el crédito FUNDAE y genera un resumen ejecutivo para el comité.
A6: CÓMO USARLO
A7: 1. Rellena "Datos empresa": plantilla media, salario bruto medio y crédito ya consumido. El crédito es una estimación: el dato exacto está en la aplicación de FUNDAE.
A8: 2. Añade una fila por acción formativa en "Plan". La hoja calcula el módulo bonificable, el máximo bonificable y el coste privado.
A9: 3. "Resumen ejecutivo" consolida horas, participantes, consumo de crédito y reparto por departamento y modalidad.
A10: NOTA SOBRE MODALIDADES
A11: El aula virtual (Online Live) con interacción síncrona se bonifica con el módulo presencial. La teleformación tiene su propio módulo.
A12: Las filas 5 y 6 del Plan son ejemplos: sobrescríbelas o bórralas.
A14: Leyenda
... A18: Plantilla orientativa. No sustituye el asesoramiento jurídico ni la normativa vigente de FUNDAE. ¿Dudas? formacion@logistikos.es · +34 696 34 80 47

Sheet Datos empresa
A1: Datos de la empresa y parámetros FUNDAE
A2: Celdas amarillas: a rellenar
A4: Plantilla media del año anterior | B4: 80
A5: Salario bruto medio anual (€) | B5: 28000
A6: Crédito ya consumido este año (€) | B6: 0
A8: Cuota de formación profesional (sobre base de cotización) | B8: 0.007 | C8: 0,60 % empresa + 0,10 % trabajador. Se usa el salario bruto como aproximación a la base de cotización.
A9: Porcentaje de bonificación del tramo | B9: =IF(B4<=9,1,IF(B4<=49,0.75,IF(B4<=249,0.6,0.5))) -> 0.6 | C9: Tramos: 1-9 personas 100 %; 10-49 75 %; 50-249 60 %; 250+ 50 %.
A10: Crédito anual estimado (€) | B10: =MAX(B4*B5*B8*B9,IF(B4<=5,420,0)) -> 9408 | C10: Mínimo garantizado de 420 € para empresas de 1 a 5 personas.
A11: Crédito disponible (€) | B11: =MAX(0,B10-B6) -> 9408
A12: Cofinanciación privada mínima del tramo | B12: =IF(B4<=5,0,IF(B4<=9,0.05,IF(B4<=49,0.1,IF(B4<=249,0.2,0.4)))) -> 0.2 | C12: Tramos: 1-5 exenta; 6-9 5 %; 10-49 10 %; 50-249 20 %; 250+ 40 %. Puede cubrirse con costes salariales de los participantes.
A14: Módulo presencial / aula virtual · nivel básico (€/participante/hora) | B14: 9 | C14: Módulos económicos máximos de la formación programada por las empresas (fuente: FUNDAE). Revisar si cambia la normativa.
A15: Módulo presencial / aula virtual · nivel superior (€/participante/hora) | B15: 13
A16: Módulo teleformación (€/participante/hora) | B16: 7.5

Sheet Plan
A1: Plan anual de formación
A2: Una fila por acción formativa y grupo tipo
A4: Nº | B4: Acción formativa | C4: Departamento | D4: Modalidad | E4: Nivel | F4: Horas por participante | G4: Participantes por grupo | H4: Nº de grupos | I4: Total participantes | J4: Mes de inicio | K4: Turno | L4: Módulo (€/h) | M4: Máximo bonificable (€) | N4: Coste previsto (€) | O4: Bonificación aplicable (€) | P4: Coste privado (€) | Q4: Horas de formación totales
A5: 1 | B5: Control tower y KPIs con Power BI | C5: Planificación | D5: Híbrida | E5: Superior | F5: 20 | G5: 12 | H5: 1 | I5: =IF(OR(G5="",H5=""),"",G5*H5) -> 12 | J5: Febrero | K5: Mañana | L5: =IF(D5="","",IF(D5="Teleformación",'Datos empresa'!$B$16,IF(E5="Básico",'Datos empresa'!$B$14,'Datos empresa'!$B$15))) -> 13 | M5: =IF(OR(I5="",F5="",L5=""),"",I5*F5*L5) -> 3120 | N5: 3200 | O5: =IF(OR(M5="",N5=""),"",MIN(M5,N5)) -> 3120 | P5: =IF(O5="","",N5-O5) -> 80 | Q5: =IF(OR(I5="",F5=""),"",I5*F5) -> 240
A6: 2 | B6: Productividad en picking y cero errores | C6: Almacén | D6: Presencial | E6: Básico | F6: 12 | G6: 10 | H6: 2 | I6: =IF(OR(G6="",H6=""),"",G6*H6) -> 20 | J6: Marzo | K6: Todos | L6: =IF(D6="","",IF(D6="Teleformación",'Datos empresa'!$B$16,IF(E6="Básico",'Datos empresa'!$B$14,'Datos empresa'!$B$15))) -> 9 | M6: =IF(OR(I6="",F6="",L6=""),"",I6*F6*L6) -> 2160 | N6: 2400 | O6: =IF(OR(M6="",N6=""),"",MIN(M6,N6)) -> 2160 | P6: =IF(O6="","",N6-O6) -> 240 | Q6: =IF(OR(I6="",F6=""),"",I6*F6) -> 240
A7: 3 | I7: =IF(OR(G7="",H7=""),"",G7*H7) | L7: =IF(D7="","",IF(D7="Teleformación",'Datos empresa'!$B$16,IF(E7="Básico",'Datos empresa'!$B$14,'Datos empresa'!$B$15))) | M7: =IF(OR(I7="",F7="",L7=""),"",I7*F7*L7) | O7: =IF(OR(M7="",N7=""),"",MIN(M7,N7)) | P7: =IF(O7="","",N7-O7) | Q7: =IF(OR(I7="",F7=""),"",I7*F7)
A8: 4 | I8: =IF(OR(G8="",H8=""),"",G8*H8) | L8: =IF(D8="","",IF(D8="Teleformación",'Datos empresa'!$B$16,IF(E8="Básico",'Datos empresa'!$B$14,'Datos empresa'!$B$15))) | M8: =IF(OR(I8="",F8="",L8=""),"",I8*F8*L8) | O8: =IF(OR(M8="",N8=""),"",MIN(M8,N8)) | P8: =IF(O8="","",N8-O8) | Q8: =IF(OR(I8="",F8=""),"",I8*F8)
A9: 5 | I9: =IF(OR(G9="",H9=""),"",G9*H9) | L9: =IF(D9="","",IF(D9="Teleformación",'Datos empresa'!$B$16,IF(E9="Básico",'Datos empresa'!$B$14,'Datos empresa'!$B$15))) | M9: =IF(OR(I9="",F9="",L9=""),"",I9*F9*L9) | O9: =IF(OR(M9="",N9=""),"",MIN(M9,N9)) | P9: =IF(O9="","",N9-O9) | Q9: =IF(OR(I9="",F9=""),"",I9*F9)
A10: 6 | I10: =IF(OR(G10="",H10=""),"",G10*H10) | L10: =IF(D10="","",IF(D10="Teleformación",'Datos empresa'!$B$16,IF(E10="Básico",'Datos empresa'!$B$14,'Datos empresa'!$B$15))) | M10: =IF(OR(I10="",F10="",L10=""),"",I10*F10*L10) | O10: =IF(OR(M10="",N10=""),"",MIN(M10,N10)) | P10: =IF(O10="","",N10-O10) | Q10: =IF(OR(I10="",F10=""),"",I10*F10)
A11: 7 | I11: =IF(OR(G11="",H11=""),"",G11*H11) | L11: =IF(D11="","",IF(D11="Teleformación",'Datos empresa'!$B$16,IF(E11="Básico",'Datos empresa'!$B$14,'Datos empresa'!$B$15))) | M11: =IF(OR(I11="",F11="",L11=""),"",I11*F11*L11) | O11: =IF(OR(M11="",N11=""),"",MIN(M11,N11)) | P11: =IF(O11="","",N11-O11) | Q11: =IF(OR(I11="",F11=""),"",I11*F11)
A12: 8 | I12: =IF(OR(G12="",H12=""),"",G12*H12) | L12: =IF(D12="","",IF(D12="Teleformación",'Datos empresa'!$B$16,IF(E12="Básico",'Datos empresa'!$B$14,'Datos empresa'!$B$15))) | M12: =IF(OR(I12="",F12="",L12=""),"",I12*F12*L12) | O12: =IF(OR(M12="",N12=""),"",MIN(M12,N12)) | P12: =IF(O12="","",N12-O12) | Q12: =IF(OR(I12="",F12=""),"",I12*F12)
A13: 9 | I13: =IF(OR(G13="",H13=""),"",G13*H13) | L13: =IF(D13="","",IF(D13="Teleformación",'Datos empresa'!$B$16,IF(E13="Básico",'Datos empresa'!$B$14,'Datos empresa'!$B$15))) | M13: =IF(OR(I13="",F13="",L13=""),"",I13*F13*L13) | O13: =IF(OR(M13="",N13=""),"",MIN(M13,N13)) | P13: =IF(O13="","",N13-O13) | Q13: =IF(OR(I13="",F13=""),"",I13*F13)
A14: 10 | I14: =IF(OR(G14="",H14=""),"",G14*H14) | L14: =IF(D14="","",IF(D14="Teleformación",'Datos empresa'!$B$16,IF(E14="Básico",'Datos empresa'!$B$14,'Datos empresa'!$B$15))) | M14: =IF(OR(I14="",F14="",L14=""),"",I14*F14*L14) | O14: =IF(OR(M14="",N14=""),"",MIN(M14,N14)) | P14: =IF(O14="","",N14-O14) | Q14: =IF(OR(I14="",F14=""),"",I14*F14)
A15: 11 | I15: =IF(OR(G15="",H15=""),"",G15*H15) | L15: =IF(D15="","",IF(D15="Teleformación",'Datos empresa'!$B$16,IF(E15="Básico",'Datos empresa'!$B$14,'Datos empresa'!$B$15))) | M15: =IF(OR(I15="",F15="",L15=""),"",I15*F15*L15) | O15: =IF(OR(M15="",N15=""),"",MIN(M15,N15)) | P15: =IF(O15="","",N15-O15) | Q15: =IF(OR(I15="",F15=""),"",I15*F15)
A16: 12 | I16: =IF(OR(G16="",H16=""),"",G16*H16) | L16: =IF(D16="","",IF(D16="Teleformación",'Datos empresa'!$B$16,IF(E16="Básico",'Datos empresa'!$B$14,'Datos empresa'!$B$15))) | M16: =IF(OR(I16="",F16="",L16=""),"",I16*F16*L16) | O16: =IF(OR(M16="",N16=""),"",MIN(M16,N16)) | P16: =IF(O16="","",N16-O16) | Q16: =IF(OR(I16="",F16=""),"",I16*F16)
A17: 13 | I17: =IF(OR(G17="",H17=""),"",G17*H17) | L17: =IF(D17="","",IF(D17="Teleformación",'Datos empresa'!$B$16,IF(E17="Básico",'Datos empresa'!$B$14,'Datos empresa'!$B$15))) | M17: =IF(OR(I17="",F17="",L17=""),"",I17*F17*L17) | O17: =IF(OR(M17="",N17=""),"",MIN(M17,N17)) | P17: =IF(O17="","",N17-O17) | Q17: =IF(OR(I17="",F17=""),"",I17*F17)
A18: 14 | I18: =IF(OR(G18="",H18=""),"",G18*H18) | L18: =IF(D18="","",IF(D18="Teleformación",'Datos empresa'!$B$16,IF(E18="Básico",'Datos empresa'!$B$14,'Datos empresa'!$B$15))) | M18: =IF(OR(I18="",F18="",L18=""),"",I18*F18*L18) | O18: =IF(OR(M18="",N18=""),"",MIN(M18,N18)) | P18: =IF(O18="","",N18-O18) | Q18: =IF(OR(I18="",F18=""),"",I18*F18)
... A34: 30 | I34: =IF(OR(G34="",H34=""),"",G34*H34) | L34: =IF(D34="","",IF(D34="Teleformación",'Datos empresa'!$B$16,IF(E34="Básico",'Datos empresa'!$B$14,'Datos empresa'!$B$15))) | M34: =IF(OR(I34="",F34="",L34=""),"",I34*F34*L34) | O34: =IF(OR(M34="",N34=""),"",MIN(M34,N34)) | P34: =IF(O34="","",N34-O34) | Q34: =IF(OR(I34="",F34=""),"",I34*F34)
B36: El coste previsto es el precio del proveedor. La bonificación aplicable no puede superar el máximo por módulos ni, en conjunto, el crédito disponible (ver Resumen ejecutivo).

Sheet Resumen ejecutivo
A1: Resumen ejecutivo del plan
A2: Para presentar al comité de dirección
A4: Acciones formativas | B4: =COUNTA(Plan!B5:B34) -> 2
A5: Participantes (plazas) | B5: =SUM(Plan!I5:I34) -> 32
A6: Horas de formación totales | B6: =SUM(Plan!Q5:Q34) -> 480
A7: Coste previsto total (€) | B7: =SUM(Plan!N5:N34) -> 5600
A8: Bonificación aplicable por módulos (€) | B8: =SUM(Plan!O5:O34) -> 5280
A9: Crédito disponible (€) | B9: ='Datos empresa'!B11 -> 9408
A10: Bonificación efectiva limitada al crédito (€) | B10: =MIN(B8,B9) -> 5280
A11: Coste neto para la empresa (€) | B11: =B7-B10 -> 320
A12: Consumo del crédito disponible | B12: =IF(B9=0,0,B10/B9) -> 0.56122449
A13: Crédito que quedaría sin usar (€) | B13: =MAX(0,B9-B10) -> 4128
A15: Por departamento
A16: Departamento | B16: Acciones | C16: Participantes | D16: Horas totales | E16: Bonificación (€)
A17: Almacén | B17: =COUNTIF(Plan!$C$5:$C$34,A17) -> 1 | C17: =SUMIFS(Plan!$I$5:$I$34,Plan!$C$5:$C$34,A17) -> 20 | D17: =SUMIFS(Plan!$Q$5:$Q$34,Plan!$C$5:$C$34,A17) -> 240 | E17: =SUMIFS(Plan!$O$5:$O$34,Plan!$C$5:$C$34,A17) -> 2160
A18: Tráfico y transporte | B18: =COUNTIF(Plan!$C$5:$C$34,A18) -> 0 | C18: =SUMIFS(Plan!$I$5:$I$34,Plan!$C$5:$C$34,A18) -> 0 | D18: =SUMIFS(Plan!$Q$5:$Q$34,Plan!$C$5:$C$34,A18) -> 0 | E18: =SUMIFS(Plan!$O$5:$O$34,Plan!$C$5:$C$34,A18) -> 0
A19: Compras | B19: =COUNTIF(Plan!$C$5:$C$34,A19) -> 0 | C19: =SUMIFS(Plan!$I$5:$I$34,Plan!$C$5:$C$34,A19) -> 0 | D19: =SUMIFS(Plan!$Q$5:$Q$34,Plan!$C$5:$C$34,A19) -> 0 | E19: =SUMIFS(Plan!$O$5:$O$34,Plan!$C$5:$C$34,A19) -> 0
A20: Comercio exterior | B20: =COUNTIF(Plan!$C$5:$C$34,A20) -> 0 | C20: =SUMIFS(Plan!$I$5:$I$34,Plan!$C$5:$C$34,A20) -> 0 | D20: =SUMIFS(Plan!$Q$5:$Q$34,Plan!$C$5:$C$34,A20) -> 0 | E20: =SUMIFS(Plan!$O$5:$O$34,Plan!$C$5:$C$34,A20) -> 0
A21: Planificación | B21: =COUNTIF(Plan!$C$5:$C$34,A21) -> 1 | C21: =SUMIFS(Plan!$I$5:$I$34,Plan!$C$5:$C$34,A21) -> 12 | D21: =SUMIFS(Plan!$Q$5:$Q$34,Plan!$C$5:$C$34,A21) -> 240 | E21: =SUMIFS(Plan!$O$5:$O$34,Plan!$C$5:$C$34,A21) -> 3120
A22: Mandos y dirección | B22: =COUNTIF(Plan!$C$5:$C$34,A22) -> 0 | C22: =SUMIFS(Plan!$I$5:$I$34,Plan!$C$5:$C$34,A22) -> 0 | D22: =SUMIFS(Plan!$Q$5:$Q$34,Plan!$C$5:$C$34,A22) -> 0 | E22: =SUMIFS(Plan!$O$5:$O$34,Plan!$C$5:$C$34,A22) -> 0
A24: Por modalidad
A25: Modalidad | B25: Acciones | C25: Participantes | D25: Horas totales | E25: Bonificación (€)
A26: Presencial | B26: =COUNTIF(Plan!$D$5:$D$34,A26) -> 1 | C26: =SUMIFS(Plan!$I$5:$I$34,Plan!$D$5:$D$34,A26) -> 20 | D26: =SUMIFS(Plan!$Q$5:$Q$34,Plan!$D$5:$D$34,A26) -> 240 | E26: =SUMIFS(Plan!$O$5:$O$34,Plan!$D$5:$D$34,A26) -> 2160
A27: Online Live | B27: =COUNTIF(Plan!$D$5:$D$34,A27) -> 0 | C27: =SUMIFS(Plan!$I$5:$I$34,Plan!$D$5:$D$34,A27) -> 0 | D27: =SUMIFS(Plan!$Q$5:$Q$34,Plan!$D$5:$D$34,A27) -> 0 | E27: =SUMIFS(Plan!$O$5:$O$34,Plan!$D$5:$D$34,A27) -> 0
A28: Híbrida | B28: =COUNTIF(Plan!$D$5:$D$34,A28) -> 1 | C28: =SUMIFS(Plan!$I$5:$I$34,Plan!$D$5:$D$34,A28) -> 12 | D28: =SUMIFS(Plan!$Q$5:$Q$34,Plan!$D$5:$D$34,A28) -> 240 | E28: =SUMIFS(Plan!$O$5:$O$34,Plan!$D$5:$D$34,A28) -> 3120
A29: Teleformación | B29: =COUNTIF(Plan!$D$5:$D$34,A29) -> 0 | C29: =SUMIFS(Plan!$I$5:$I$34,Plan!$D$5:$D$34,A29) -> 0 | D29: =SUMIFS(Plan!$Q$5:$Q$34,Plan!$D$5:$D$34,A29) -> 0 | E29: =SUMIFS(Plan!$O$5:$O$34,Plan!$D$5:$D$34,A29) -> 0
